interaction_id,user_id,product_id,interaction_type,rating,created_at
interaction_0001,user_001,prod_001,review,5,2026-09-27
interaction_0002,user_002,prod_002,favorite,,2026-09-27
interaction_0003,user_003,prod_003,purchase,,2026-09-27
interaction_0004,user_004,prod_004,review,4,2026-09-27
interaction_0005,user_005,prod_005,favorite,,2026-09-27
interaction_0006,user_006,prod_006,review,3,2026-09-27
interaction_0007,user_007,prod_007,review,5,2026-09-27
interaction_0008,user_008,prod_008,favorite,,2026-09-27
interaction_0009,user_009,prod_009,purchase,,2026-09-27
interaction_0010,user_010,prod_010,review,4,2026-09-27
interaction_0011,user_011,prod_011,favorite,,2026-09-27
interaction_0012,user_012,prod_012,review,3,2026-09-27
interaction_0013,user_013,prod_013,review,5,2026-09-27
interaction_0014,user_014,prod_014,favorite,,2026-09-27
interaction_0015,user_015,prod_015,purchase,,2026-09-27
interaction_0016,user_016,prod_016,review,4,2026-09-27
interaction_0017,user_017,prod_017,favorite,,2026-09-27
interaction_0018,user_018,prod_018,review,3,2026-09-27
interaction_0019,user_019,prod_019,review,5,2026-09-27
interaction_0020,user_020,prod_020,favorite,,2026-09-27
interaction_0021,user_001,prod_021,purchase,,2026-09-27
interaction_0022,user_002,prod_022,review,4,2026-09-27
interaction_0023,user_003,prod_023,favorite,,2026-09-27
interaction_0024,user_004,prod_024,review,3,2026-09-27
interaction_0025,user_005,prod_025,review,5,2026-09-27
interaction_0026,user_006,prod_026,favorite,,2026-09-27
interaction_0027,user_007,prod_027,purchase,,2026-09-27
interaction_0028,user_008,prod_028,review,4,2026-09-27
interaction_0029,user_009,prod_029,favorite,,2026-09-27
interaction_0030,user_010,prod_030,review,3,2026-09-27
interaction_0031,user_011,prod_031,review,5,2026-09-27
interaction_0032,user_012,prod_032,favorite,,2026-09-27
interaction_0033,user_013,prod_033,purchase,,2026-09-27
interaction_0034,user_014,prod_034,review,4,2026-09-27
interaction_0035,user_015,prod_035,favorite,,2026-09-27
interaction_0036,user_016,prod_036,review,3,2026-09-27
interaction_0037,user_017,prod_037,review,5,2026-09-27
interaction_0038,user_018,prod_038,favorite,,2026-09-27
interaction_0039,user_019,prod_039,purchase,,2026-09-27
interaction_0040,user_020,prod_040,review,4,2026-09-27
interaction_0041,user_001,prod_041,favorite,,2026-09-27
interaction_0042,user_002,prod_042,review,3,2026-09-27
interaction_0043,user_003,prod_043,review,5,2026-09-27
interaction_0044,user_004,prod_044,favorite,,2026-09-27
interaction_0045,user_005,prod_045,purchase,,2026-09-27
interaction_0046,user_006,prod_046,review,4,2026-09-27
interaction_0047,user_007,prod_047,favorite,,2026-09-27
interaction_0048,user_008,prod_048,review,3,2026-09-27
interaction_0049,user_009,prod_049,review,5,2026-09-27
interaction_0050,user_010,prod_050,favorite,,2026-09-27
interaction_0051,user_011,prod_001,purchase,,2026-09-27
interaction_0052,user_012,prod_002,review,4,2026-09-27
interaction_0053,user_013,prod_003,favorite,,2026-09-27
interaction_0054,user_014,prod_004,review,3,2026-09-27
interaction_0055,user_015,prod_005,review,5,2026-09-27
interaction_0056,user_016,prod_006,favorite,,2026-09-27
interaction_0057,user_017,prod_007,purchase,,2026-09-27
interaction_0058,user_018,prod_008,review,4,2026-09-27
interaction_0059,user_019,prod_009,favorite,,2026-09-27
interaction_0060,user_020,prod_010,review,3,2026-09-27
interaction_0061,user_001,prod_011,review,5,2026-09-27
interaction_0062,user_002,prod_012,favorite,,2026-09-27
interaction_0063,user_003,prod_013,purchase,,2026-09-27
interaction_0064,user_004,prod_014,review,4,2026-09-27
interaction_0065,user_005,prod_015,favorite,,2026-09-27
interaction_0066,user_006,prod_016,review,3,2026-09-27
interaction_0067,user_007,prod_017,review,5,2026-09-27
interaction_0068,user_008,prod_018,favorite,,2026-09-27
interaction_0069,user_009,prod_019,purchase,,2026-09-27
interaction_0070,user_010,prod_020,review,4,2026-09-27
interaction_0071,user_011,prod_021,favorite,,2026-09-27
interaction_0072,user_012,prod_022,review,3,2026-09-27
interaction_0073,user_013,prod_023,review,5,2026-09-27
interaction_0074,user_014,prod_024,favorite,,2026-09-27
interaction_0075,user_015,prod_025,purchase,,2026-09-27
interaction_0076,user_016,prod_026,review,4,2026-09-27
interaction_0077,user_017,prod_027,favorite,,2026-09-27
interaction_0078,user_018,prod_028,review,3,2026-09-27
interaction_0079,user_019,prod_029,review,5,2026-09-27
interaction_0080,user_020,prod_030,favorite,,2026-09-27
interaction_0081,user_001,prod_031,purchase,,2026-09-27
interaction_0082,user_002,prod_032,review,4,2026-09-27
interaction_0083,user_003,prod_033,favorite,,2026-09-27
interaction_0084,user_004,prod_034,review,3,2026-09-27
interaction_0085,user_005,prod_035,review,5,2026-09-27
interaction_0086,user_006,prod_036,favorite,,2026-09-27
interaction_0087,user_007,prod_037,purchase,,2026-09-27
interaction_0088,user_008,prod_038,review,4,2026-09-27
interaction_0089,user_009,prod_039,favorite,,2026-09-27
interaction_0090,user_010,prod_040,review,3,2026-09-27
interaction_0091,user_011,prod_041,review,5,2026-09-27
interaction_0092,user_012,prod_042,favorite,,2026-09-27
interaction_0093,user_013,prod_043,purchase,,2026-09-27
interaction_0094,user_014,prod_044,review,4,2026-09-27
interaction_0095,user_015,prod_045,favorite,,2026-09-27
interaction_0096,user_016,prod_046,review,3,2026-09-27
interaction_0097,user_017,prod_047,review,5,2026-09-27
interaction_0098,user_018,prod_048,favorite,,2026-09-27
interaction_0099,user_019,prod_049,purchase,,2026-09-27
interaction_0100,user_020,prod_050,review,4,2026-09-27
