product_id,brand,name,category,price,shade,finish,suitable_skin_type,available,updated_at
prod_001,Rare Beauty,Blush Soft Pinch,blush,25.00,rose,glowy,normale,true,2026-09-27
prod_002,Fenty Beauty,Pro Filt'r Foundation,teint,38.00,nude,naturel,mixte,true,2026-09-27
prod_003,NYX,Butter Gloss,levres,8.90,bronze,glowy,seche,true,2026-09-27
prod_004,Sephora Collection,Palette Nude,yeux,29.90,marron,mat,grasse,true,2026-09-27
prod_005,Rare Beauty,Liquid Touch Foundation,teint,32.00,medium,naturel,normale,true,2026-09-27
prod_006,Rare Beauty,Blush Soft Pinch,blush,25.00,rose,glowy,normale,true,2026-09-27
prod_007,Fenty Beauty,Pro Filt'r Foundation,teint,38.00,nude,naturel,mixte,true,2026-09-27
prod_008,NYX,Butter Gloss,levres,8.90,bronze,glowy,seche,true,2026-09-27
prod_009,Sephora Collection,Palette Nude,yeux,29.90,marron,mat,grasse,true,2026-09-27
prod_010,Rare Beauty,Liquid Touch Foundation,teint,32.00,medium,naturel,normale,true,2026-09-27
prod_011,Rare Beauty,Blush Soft Pinch,blush,25.00,rose,glowy,normale,true,2026-09-27
prod_012,Fenty Beauty,Pro Filt'r Foundation,teint,38.00,nude,naturel,mixte,true,2026-09-27
prod_013,NYX,Butter Gloss,levres,8.90,bronze,glowy,seche,true,2026-09-27
prod_014,Sephora Collection,Palette Nude,yeux,29.90,marron,mat,grasse,true,2026-09-27
prod_015,Rare Beauty,Liquid Touch Foundation,teint,32.00,medium,naturel,normale,true,2026-09-27
prod_016,Rare Beauty,Blush Soft Pinch,blush,25.00,rose,glowy,normale,true,2026-09-27
prod_017,Fenty Beauty,Pro Filt'r Foundation,teint,38.00,nude,naturel,mixte,true,2026-09-27
prod_018,NYX,Butter Gloss,levres,8.90,bronze,glowy,seche,true,2026-09-27
prod_019,Sephora Collection,Palette Nude,yeux,29.90,marron,mat,grasse,true,2026-09-27
prod_020,Rare Beauty,Liquid Touch Foundation,teint,32.00,medium,naturel,normale,true,2026-09-27
prod_021,Rare Beauty,Blush Soft Pinch,blush,25.00,rose,glowy,normale,true,2026-09-27
prod_022,Fenty Beauty,Pro Filt'r Foundation,teint,38.00,nude,naturel,mixte,true,2026-09-27
prod_023,NYX,Butter Gloss,levres,8.90,bronze,glowy,seche,true,2026-09-27
prod_024,Sephora Collection,Palette Nude,yeux,29.90,marron,mat,grasse,true,2026-09-27
prod_025,Rare Beauty,Liquid Touch Foundation,teint,32.00,medium,naturel,normale,true,2026-09-27
prod_026,Rare Beauty,Blush Soft Pinch,blush,25.00,rose,glowy,normale,true,2026-09-27
prod_027,Fenty Beauty,Pro Filt'r Foundation,teint,38.00,nude,naturel,mixte,true,2026-09-27
prod_028,NYX,Butter Gloss,levres,8.90,bronze,glowy,seche,true,2026-09-27
prod_029,Sephora Collection,Palette Nude,yeux,29.90,marron,mat,grasse,true,2026-09-27
prod_030,Rare Beauty,Liquid Touch Foundation,teint,32.00,medium,naturel,normale,true,2026-09-27
prod_031,Rare Beauty,Blush Soft Pinch,blush,25.00,rose,glowy,normale,true,2026-09-27
prod_032,Fenty Beauty,Pro Filt'r Foundation,teint,38.00,nude,naturel,mixte,true,2026-09-27
prod_033,NYX,Butter Gloss,levres,8.90,bronze,glowy,seche,true,2026-09-27
prod_034,Sephora Collection,Palette Nude,yeux,29.90,marron,mat,grasse,true,2026-09-27
prod_035,Rare Beauty,Liquid Touch Foundation,teint,32.00,medium,naturel,normale,true,2026-09-27
prod_036,Rare Beauty,Blush Soft Pinch,blush,25.00,rose,glowy,normale,true,2026-09-27
prod_037,Fenty Beauty,Pro Filt'r Foundation,teint,38.00,nude,naturel,mixte,true,2026-09-27
prod_038,NYX,Butter Gloss,levres,8.90,bronze,glowy,seche,true,2026-09-27
prod_039,Sephora Collection,Palette Nude,yeux,29.90,marron,mat,grasse,true,2026-09-27
prod_040,Rare Beauty,Liquid Touch Foundation,teint,32.00,medium,naturel,normale,true,2026-09-27
prod_041,Rare Beauty,Blush Soft Pinch,blush,25.00,rose,glowy,normale,true,2026-09-27
prod_042,Fenty Beauty,Pro Filt'r Foundation,teint,38.00,nude,naturel,mixte,true,2026-09-27
prod_043,NYX,Butter Gloss,levres,8.90,bronze,glowy,seche,true,2026-09-27
prod_044,Sephora Collection,Palette Nude,yeux,29.90,marron,mat,grasse,true,2026-09-27
prod_045,Rare Beauty,Liquid Touch Foundation,teint,32.00,medium,naturel,normale,true,2026-09-27
prod_046,Rare Beauty,Blush Soft Pinch,blush,25.00,rose,glowy,normale,true,2026-09-27
prod_047,Fenty Beauty,Pro Filt'r Foundation,teint,38.00,nude,naturel,mixte,true,2026-09-27
prod_048,NYX,Butter Gloss,levres,8.90,bronze,glowy,seche,true,2026-09-27
prod_049,Sephora Collection,Palette Nude,yeux,29.90,marron,mat,grasse,true,2026-09-27
prod_050,Rare Beauty,Liquid Touch Foundation,teint,32.00,medium,naturel,normale,true,2026-09-27
