user_id,skin_type,complexion,undertone,preferred_finish,preferred_style,max_budget,created_at
user_001,seche,claire,neutre,naturel,naturel,50.00,2026-09-27
user_002,grasse,foncee,chaud,glowy,quotidien,100.00,2026-09-27
user_003,mixte,medium,froid,mat,sophistique,60.00,2026-09-27
user_004,seche,claire,neutre,naturel,naturel,50.00,2026-09-27
user_005,grasse,foncee,chaud,glowy,quotidien,100.00,2026-09-27
user_006,mixte,medium,froid,mat,sophistique,60.00,2026-09-27
user_007,seche,claire,neutre,naturel,naturel,50.00,2026-09-27
user_008,grasse,foncee,chaud,glowy,quotidien,100.00,2026-09-27
user_009,mixte,medium,froid,mat,sophistique,60.00,2026-09-27
user_010,seche,claire,neutre,naturel,naturel,50.00,2026-09-27
user_011,grasse,foncee,chaud,glowy,quotidien,100.00,2026-09-27
user_012,mixte,medium,froid,mat,sophistique,60.00,2026-09-27
user_013,seche,claire,neutre,naturel,naturel,50.00,2026-09-27
user_014,grasse,foncee,chaud,glowy,quotidien,100.00,2026-09-27
user_015,mixte,medium,froid,mat,sophistique,60.00,2026-09-27
user_016,seche,claire,neutre,naturel,naturel,50.00,2026-09-27
user_017,grasse,foncee,chaud,glowy,quotidien,100.00,2026-09-27
user_018,mixte,medium,froid,mat,sophistique,60.00,2026-09-27
user_019,seche,claire,neutre,naturel,naturel,50.00,2026-09-27
user_020,grasse,foncee,chaud,glowy,quotidien,100.00,2026-09-27
